cluster,keyword,variant,intent,volume,trend_12m,cpc,kd,serp_features,top_rivals,freshness_flags,notes,source
Professional Liability Marketing,professional liability insurance marketing,professional liability marketing,Commercial,50,stable,12.50,15,"PAA,Featured Snippet,Blog Posts","none identified",new_opportunity,First mover advantage - completely untapped $44.96B market,manual_research
Professional Liability Marketing,E&O insurance marketing,errors omissions marketing,Commercial,30,growing,10.00,20,"PAA,Local Pack,Comparison","sureoak.com,nowspeed.com",niche_opportunity,Supporting first mover opportunity,manual_research
Professional Liability Marketing,malpractice insurance marketing,medical malpractice marketing,Commercial,80,stable,15.00,25,"PAA,Reviews,Featured Snippet","theseniorlist.com,insureon.com",healthcare_subset,Healthcare subset with growth potential,manual_research
Professional Liability Marketing,professional indemnity marketing,PI insurance marketing,Commercial,20,stable,8.00,18,"PAA,Blog Posts","no_major_players",international_variant,International variant opportunity,manual_research
Professional Liability Marketing,professional liability lead generation,E&O lead generation,Commercial,40,growing,18.00,22,"PAA,Local Pack,Tools","agencymarketingmachine.com",demand_growing,Lead generation focus for professional liability,manual_research
Professional Liability Marketing,professional liability insurance cost marketing,E&O insurance pricing marketing,Commercial,60,stable,14.00,28,"Featured Snippet,Comparison,PAA","insureon.com,coverwallet.com",pricing_focus,Cost-focused marketing angle,manual_research
Professional Liability Marketing,professional liability insurance agents,E&O insurance brokers,Commercial,120,stable,16.00,35,"Local Pack,Reviews,PAA","trusted choice,iii.org",agent_targeting,Targeting professional liability agents,manual_research
Professional Liability Marketing,professional liability insurance requirements,E&O insurance compliance,Informational,200,stable,8.00,30,"Featured Snippet,PAA,Blog Posts","state insurance departments",compliance_angle,Regulatory compliance marketing,manual_research
Professional Liability Marketing,professional liability insurance claims,E&O insurance claims,Informational,150,stable,12.00,32,"PAA,Featured Snippet,Reviews","insurance companies",claims_education,Claims education opportunity,manual_research
Professional Liability Marketing,professional liability insurance companies,E&O insurance providers,Commercial,300,stable,20.00,45,"Shopping,Local Pack,Reviews","major_insurers",provider_comparison,Insurance provider comparison,manual_research
Cyber Insurance Marketing,cyber insurance marketing,cyber liability marketing,Commercial,40,growing,15.00,20,"PAA,Featured Snippet,Local Pack","no_major_players",first_mover,First mover in $16.3B growing market,manual_research
Cyber Insurance Marketing,small business cyber insurance,SMB cyber coverage,Commercial,180,growing,22.00,30,"Local Pack,Reviews,Shopping","thehartford.com,progressive.com",smb_opportunity,70% SMBs unprotected - huge opportunity,manual_research
Cyber Insurance Marketing,cyber insurance for healthcare,HIPAA cyber insurance,Commercial,80,growing,25.00,35,"PAA,Featured Snippet,Reviews","beazley.com,chubb.com",healthcare_compliance,Healthcare compliance angle,manual_research
Cyber Insurance Marketing,cyber insurance leads,cyber insurance prospects,Commercial,30,growing,20.00,25,"PAA,Blog Posts,Tools","no_specialists",lead_generation,Lead generation focus,manual_research
Cyber Insurance Marketing,cyber insurance marketing strategy,cyber liability marketing plan,Informational,25,growing,8.00,18,"PAA,Featured Snippet,Blog Posts","no_specialists",strategy_content,Strategy content opportunity,manual_research
Cyber Insurance Marketing,cyber insurance for legal firms,law firm cyber insurance,Commercial,60,growing,28.00,32,"PAA,Local Pack,Reviews","hiscox.com,travelers.com",legal_niche,Legal industry cybersecurity focus,manual_research
Cyber Insurance Marketing,cyber insurance for manufacturing,industrial cyber insurance,Commercial,45,growing,26.00,30,"PAA,Featured Snippet,Blog Posts","aig.com,zurich.com",manufacturing_niche,Manufacturing operational technology risks,manual_research
Cyber Insurance Marketing,cyber insurance cost,cyber liability insurance price,Informational,400,growing,18.00,40,"Featured Snippet,PAA,Comparison","insureon.com,next-insurance.com",pricing_transparency,Cost transparency opportunity,manual_research
Cyber Insurance Marketing,cyber insurance requirements,cyber liability requirements,Informational,180,growing,10.00,35,"Featured Snippet,PAA,Blog Posts","ftc.gov,nist.gov",compliance_requirements,Regulatory compliance education,manual_research
Cyber Insurance Marketing,cyber insurance claims,cyber liability claims process,Informational,120,stable,12.00,38,"PAA,Featured Snippet,Reviews","major_carriers",claims_education,Claims process education,manual_research
Insurance Agent SEO,insurance agent SEO,insurance SEO services,Commercial,590,stable,25.00,45,"PAA,Featured Snippet,Local Pack,Tools","sureoak.com,nowspeed.com,webfx.com",established_market,Established volume with manageable competition,manual_research
Insurance Agent SEO,insurance website optimization,insurance site SEO,Commercial,140,stable,20.00,50,"PAA,Featured Snippet,Blog Posts","seoexpertbrad.com,searchenginejournal.com",technical_seo,Technical SEO angle,manual_research
Insurance Agent SEO,local SEO insurance agents,insurance local search,Commercial,250,stable,18.00,40,"Local Pack,Reviews,Maps","brightlocal.com,moz.com",local_focus,Strong local intent,manual_research
Insurance Agent SEO,insurance SEO tools,SEO tools for insurance,Commercial,100,stable,15.00,35,"Shopping,Comparison,Reviews","semrush.com,ahrefs.com",tool_comparison,Tool comparison opportunity,manual_research
Insurance Agent SEO,insurance agent website design,insurance website development,Commercial,200,stable,22.00,42,"PAA,Local Pack,Shopping","webfx.com,websitebuilderexpert.com",web_development,Website development services,manual_research
Insurance Agent SEO,insurance content marketing,insurance blog writing,Commercial,80,growing,16.00,38,"PAA,Featured Snippet,Blog Posts","contentwriters.com,scripted.com",content_services,Content marketing services,manual_research
Insurance Agent SEO,insurance Google Ads,insurance PPC management,Commercial,320,stable,28.00,55,"Shopping,Featured Snippet,PAA","wordstream.com,optmyzr.com",paid_advertising,PPC advertising services,manual_research
Insurance Agent SEO,insurance social media marketing,insurance social media management,Commercial,90,growing,14.00,35,"PAA,Blog Posts,Social","hootsuite.com,buffer.com",social_media,Social engagement opportunity,manual_research
Insurance Agent SEO,insurance email marketing,insurance email campaigns,Commercial,110,stable,12.00,32,"PAA,Shopping,Blog Posts","mailchimp.com,constantcontact.com",email_marketing,Email marketing services,manual_research
Insurance Agent SEO,insurance marketing automation,insurance automation tools,Commercial,60,growing,18.00,45,"PAA,Shopping,Comparison","hubspot.com,marketo.com",automation_trend,Growing trend - 82% want AI,manual_research
Insurance Lead Generation,insurance lead generation,insurance leads online,Commercial,880,stable,35.00,60,"PAA,Featured Snippet,Shopping,Tools","quotewizard.com,insuranceleads.com",high_volume,High volume but competitive,manual_research
Insurance Lead Generation,insurance marketing automation,insurance automation tools,Commercial,60,growing,18.00,45,"PAA,Shopping,Comparison","hubspot.com,salesforce.com",automation_growing,Growing trend - 82% want AI,manual_research
Insurance Lead Generation,insurance PPC advertising,insurance paid ads,Commercial,200,stable,30.00,55,"PAA,Featured Snippet,Shopping","google.com,microsoft.com",paid_advertising,Paid advertising guidance,manual_research
Insurance Lead Generation,insurance social media marketing,insurance social media,Commercial,90,growing,14.00,35,"PAA,Blog Posts,Social","facebook.com,linkedin.com",social_engagement,Social engagement opportunity,manual_research
Insurance Lead Generation,insurance lead qualification,insurance prospect scoring,Commercial,40,stable,22.00,38,"PAA,Tools,Blog Posts","salesforce.com,hubspot.com",lead_quality,Lead qualification focus,manual_research
Insurance Lead Generation,insurance CRM,insurance customer management,Commercial,220,stable,25.00,48,"Shopping,Comparison,Reviews","salesforce.com,applied.com",crm_systems,CRM system comparison,manual_research
Insurance Lead Generation,insurance conversion optimization,insurance landing page optimization,Commercial,35,growing,28.00,42,"PAA,Tools,Blog Posts","unbounce.com,optimizely.com",conversion_focus,Conversion rate optimization,manual_research
Insurance Lead Generation,insurance referral marketing,insurance referral programs,Commercial,50,stable,15.00,35,"PAA,Blog Posts,Tools","referralcandy.com,extole.com",referral_systems,Referral program development,manual_research
Insurance Lead Generation,insurance appointment setting,insurance sales automation,Commercial,45,stable,20.00,40,"PAA,Tools,Shopping","calendly.com,acuity.com",appointment_booking,Appointment setting automation,manual_research
Insurance Lead Generation,insurance lead nurturing,insurance email sequences,Commercial,30,growing,18.00,36,"PAA,Blog Posts,Tools","mailchimp.com,drip.com",lead_nurturing,Lead nurturing campaigns,manual_research
Legal Malpractice Marketing,legal malpractice insurance marketing,lawyer malpractice marketing,Commercial,35,growing,18.00,25,"PAA,Featured Snippet","no_specialists",rising_premiums,Rising premiums create urgency,manual_research
Legal Malpractice Marketing,law firm professional liability,attorney E&O insurance,Commercial,125,stable,24.00,40,"PAA,Local Pack,Reviews","lawyersliabilityins.com,wilsonelser.com",law_firm_targeting,Law firm specific targeting,manual_research
Legal Malpractice Marketing,legal professional liability leads,attorney insurance leads,Commercial,20,stable,30.00,30,"PAA,Local Pack","no_specialists",lead_generation,Lead generation for legal market,manual_research
Legal Malpractice Marketing,law firm cybersecurity insurance,attorney cyber insurance,Commercial,40,growing,32.00,35,"PAA,Featured Snippet,Reviews","beazley.com,aig.com",cyber_legal,Legal cybersecurity intersection,manual_research
Legal Malpractice Marketing,legal malpractice insurance cost,attorney liability insurance price,Informational,180,stable,15.00,42,"Featured Snippet,PAA,Comparison","lawyersliabilityins.com,insureon.com",cost_transparency,Legal malpractice pricing,manual_research
Legal Malpractice Marketing,law firm insurance requirements,attorney insurance compliance,Informational,90,stable,12.00,38,"Featured Snippet,PAA,Blog Posts","state_bars",compliance_requirements,Bar association requirements,manual_research
Legal Malpractice Marketing,legal malpractice claims,attorney liability claims,Informational,110,stable,10.00,40,"PAA,Featured Snippet,Reviews","abajournal.com",claims_education,Claims education and prevention,manual_research
Legal Malpractice Marketing,small law firm insurance,solo practitioner insurance,Commercial,85,stable,28.00,32,"Local Pack,Reviews,PAA","insureon.com,next-insurance.com",small_firm_focus,Small firm specialization,manual_research
Legal Malpractice Marketing,legal technology insurance,law firm technology E&O,Commercial,25,growing,26.00,30,"PAA,Featured Snippet,Blog Posts","beazley.com,lloyds.com",legal_tech,Legal technology risks,manual_research
Legal Malpractice Marketing,attorney trust account insurance,lawyer fiduciary insurance,Commercial,30,stable,22.00,35,"PAA,Local Pack,Reviews","specialized_carriers",trust_account,Trust account protection,manual_research
Medical Malpractice Marketing,medical malpractice insurance marketing,healthcare malpractice marketing,Commercial,100,growing,20.00,35,"PAA,Featured Snippet,Reviews","no_specialists",market_hardening,Market hardening drives demand,manual_research
Medical Malpractice Marketing,physician malpractice insurance,doctor liability insurance,Commercial,250,stable,28.00,45,"PAA,Local Pack,Shopping","medpro.com,thedoctors.com",physician_market,High-value physician market,manual_research
Medical Malpractice Marketing,healthcare professional liability,medical professional insurance,Commercial,200,stable,25.00,40,"PAA,Featured Snippet,Local Pack","norcalmutual.com,coventry.com",broader_healthcare,Broader healthcare market,manual_research
Medical Malpractice Marketing,medical malpractice insurance cost,physician insurance rates,Informational,400,growing,18.00,48,"Featured Snippet,PAA,Comparison","medpro.com,doctorscompany.com",cost_concerns,Rising cost concerns,manual_research
Medical Malpractice Marketing,medical malpractice claims,physician liability claims,Informational,180,stable,12.00,42,"PAA,Featured Snippet,Reviews","ama-assn.org",claims_education,Claims education and prevention,manual_research
Medical Malpractice Marketing,telemedicine malpractice insurance,telehealth liability insurance,Commercial,60,growing,30.00,35,"PAA,Featured Snippet,Blog Posts","norcalmutual.com,medpro.com",telemedicine_trend,Telemedicine coverage expansion,manual_research
Medical Malpractice Marketing,nurse practitioner malpractice insurance,NP liability insurance,Commercial,80,stable,22.00,38,"PAA,Local Pack,Reviews","nso.com,proliability.com",np_market,Nurse practitioner specialization,manual_research
Medical Malpractice Marketing,medical practice insurance,healthcare practice coverage,Commercial,150,stable,20.00,40,"PAA,Featured Snippet,Local Pack","insureon.com,next-insurance.com",practice_focus,Medical practice comprehensive coverage,manual_research
Medical Malpractice Marketing,surgical malpractice insurance,surgeon liability insurance,Commercial,90,stable,35.00,45,"PAA,Local Pack,Reviews","medpro.com,thedoctors.com",high_risk_specialty,High-risk surgical specialties,manual_research
Medical Malpractice Marketing,medical malpractice defense,physician liability defense,Commercial,70,stable,25.00,40,"PAA,Featured Snippet,Reviews","medpro.com,norcalmutual.com",defense_services,Defense service emphasis,manual_research
Location - New York,New York professional liability SEO,NY professional liability,Commercial,80,stable,22.00,45,"Local Pack,Maps,Reviews","sureoak.com,nowspeed.com",primary_market,Primary target market,manual_research
Location - New York,New York cyber insurance marketing,NYC cyber insurance,Commercial,45,growing,25.00,40,"Local Pack,Reviews,Featured Snippet","no_specialists",nyc_opportunity,NYC business density opportunity,manual_research
Location - New York,New York insurance agent SEO,NYC insurance SEO,Commercial,120,stable,28.00,48,"Local Pack,Maps,Reviews","sureoak.com,webfx.com",established_market,Established NYC market,manual_research
Location - New York,Manhattan professional liability insurance,Manhattan E&O insurance,Commercial,35,stable,30.00,42,"Local Pack,Reviews,Maps","local_brokers",manhattan_focus,Manhattan business district focus,manual_research
Location - New York,Long Island insurance marketing,Nassau County insurance SEO,Commercial,25,stable,20.00,38,"Local Pack,Reviews,Maps","local_agencies",suburban_market,Long Island suburban market,manual_research
Location - New York,Westchester insurance marketing,Westchester County insurance SEO,Commercial,20,stable,18.00,35,"Local Pack,Reviews,Maps","local_agencies",westchester_market,Westchester County market,manual_research
Location - New York,upstate New York insurance marketing,Albany insurance SEO,Commercial,30,stable,16.00,32,"Local Pack,Reviews,Maps","local_agencies",upstate_market,Upstate New York markets,manual_research
Location - Connecticut,Connecticut professional liability marketing,CT professional liability,Commercial,35,stable,20.00,35,"Local Pack,Reviews","no_specialists",expansion_opportunity,Expansion market opportunity,manual_research
Location - Connecticut,Connecticut cyber insurance marketing,CT cyber insurance,Commercial,25,growing,22.00,32,"Local Pack,Reviews,Featured Snippet","no_specialists",ct_cyber_opportunity,CT cyber insurance opportunity,manual_research
Location - Connecticut,Hartford insurance marketing,Hartford insurance SEO,Commercial,30,stable,18.00,38,"Local Pack,Reviews,Maps","local_agencies",insurance_capital,Insurance capital of America,manual_research
Location - Connecticut,Fairfield County insurance marketing,Greenwich insurance SEO,Commercial,20,stable,25.00,40,"Local Pack,Reviews,Maps","local_agencies",fairfield_county,High-income Fairfield County,manual_research
Location - New Jersey,New Jersey insurance agent SEO,NJ insurance SEO,Commercial,70,stable,24.00,42,"Local Pack,Maps,Reviews","local_agencies",nj_market,High-value expansion market,manual_research
Location - New Jersey,New Jersey professional liability marketing,NJ professional liability,Commercial,30,stable,22.00,38,"Local Pack,Reviews","no_specialists",nj_professional,NJ professional liability opportunity,manual_research
Location - New Jersey,Newark insurance marketing,Jersey City insurance SEO,Commercial,35,stable,20.00,40,"Local Pack,Reviews,Maps","local_agencies",metro_nj,Metro NJ markets,manual_research
Educational Content,how to market professional liability,professional liability marketing guide,Informational,15,stable,5.00,20,"PAA,Featured Snippet,Blog Posts","no_specialists",educational_seo,Educational SEO opportunity,manual_research
Educational Content,cyber insurance marketing strategy,cyber insurance marketing plan,Informational,30,growing,6.00,25,"PAA,Featured Snippet,Blog Posts","no_specialists",strategy_content,Strategy content opportunity,manual_research
Educational Content,insurance marketing ROI calculator,insurance marketing ROI,Informational,45,stable,8.00,30,"Featured Snippet,Tools,Calculator","no_specialists",tool_based,Tool-based content,manual_research
Educational Content,professional liability insurance cost,E&O insurance pricing,Informational,800,stable,12.00,55,"PAA,Featured Snippet,Comparison","insureon.com,next-insurance.com",high_volume_pricing,High volume pricing content,manual_research
Educational Content,insurance marketing best practices,insurance marketing tips,Informational,60,stable,7.00,35,"PAA,Featured Snippet,Blog Posts","marketingprofs.com",best_practices,Marketing best practices content,manual_research
Educational Content,insurance marketing trends 2025,2025 insurance marketing,Informational,80,growing,5.00,28,"PAA,Featured Snippet,Blog Posts","mckinsey.com,pwc.com",trending_content,Annual trends content,manual_research
Educational Content,insurance agent marketing checklist,insurance marketing checklist,Informational,25,stable,6.00,22,"Featured Snippet,Tools,Blog Posts","no_specialists",checklist_content,Checklist-based content,manual_research
Educational Content,insurance marketing compliance,insurance advertising regulations,Informational,40,stable,8.00,32,"Featured Snippet,PAA,Blog Posts","naic.org,state_regulators",compliance_education,Regulatory compliance education,manual_research
FAQ Content,what is professional liability insurance,professional liability definition,Informational,1500,stable,5.00,50,"PAA,Featured Snippet,FAQ","insureon.com,iii.org",high_volume_faq,High volume educational,manual_research
FAQ Content,do I need cyber insurance,cyber insurance necessity,Informational,300,growing,6.00,35,"PAA,Featured Snippet,FAQ","ftc.gov,cisa.gov",objection_handling,Common objection handling,manual_research
FAQ Content,how much does E&O insurance cost,E&O insurance price,Informational,400,stable,8.00,45,"PAA,Featured Snippet,Comparison","insureon.com,next-insurance.com",pricing_transparency,Pricing transparency content,manual_research
FAQ Content,what does professional liability insurance cover,E&O coverage details,Informational,600,stable,4.00,48,"PAA,Featured Snippet,FAQ","major_carriers",coverage_education,Coverage education content,manual_research
FAQ Content,do lawyers need malpractice insurance,attorney insurance requirements,Informational,120,stable,6.00,38,"PAA,Featured Snippet,FAQ","state_bars",legal_requirements,Legal profession requirements,manual_research
FAQ Content,how to choose cyber insurance,cyber insurance selection guide,Informational,80,growing,7.00,32,"PAA,Featured Snippet,Blog Posts","no_specialists",selection_guidance,Cyber insurance selection,manual_research
FAQ Content,professional liability vs general liability,E&O vs GL comparison,Informational,200,stable,5.00,40,"PAA,Featured Snippet,Comparison","insureon.com,iii.org",insurance_comparison,Insurance type comparison,manual_research
Tool Comparison,best CRM for insurance agents,insurance agent CRM,Commercial,200,stable,20.00,50,"Shopping,Comparison,Reviews","salesforce.com,applied.com",tool_recommendation,Tool recommendation content,manual_research
Tool Comparison,insurance marketing automation tools,insurance automation platforms,Commercial,60,growing,18.00,45,"Shopping,Comparison,PAA","hubspot.com,marketo.com",automation_trend,Growing automation trend,manual_research
Tool Comparison,best email marketing for insurance,insurance email platforms,Commercial,40,stable,15.00,38,"Shopping,Comparison,Reviews","mailchimp.com,constantcontact.com",email_platforms,Email platform comparison,manual_research
Tool Comparison,insurance SEO tools,SEO tools for insurance agents,Commercial,80,stable,22.00,42,"Shopping,Comparison,Reviews","semrush.com,ahrefs.com",seo_tools,SEO tool recommendations,manual_research
Tool Comparison,insurance lead generation software,insurance lead management tools,Commercial,70,stable,25.00,45,"Shopping,Comparison,Reviews","quotewizard.com,insuranceleads.com",lead_gen_tools,Lead generation tool comparison,manual_research
Industry Specific,technology E&O insurance marketing,tech professional liability,Commercial,35,growing,28.00,30,"PAA,Featured Snippet,Blog Posts","no_specialists",tech_sector,High-growth tech sector,manual_research
Industry Specific,healthcare cyber insurance marketing,medical cyber insurance,Commercial,80,growing,26.00,40,"PAA,Featured Snippet,Local Pack","beazley.com,aig.com",healthcare_compliance,Healthcare compliance focus,manual_research
Industry Specific,accounting professional liability marketing,CPA malpractice marketing,Commercial,40,stable,22.00,32,"PAA,Local Pack,Reviews","camico.com,cpai.com",accounting_niche,Accounting profession focus,manual_research
Industry Specific,consulting professional liability marketing,consultant E&O marketing,Commercial,25,stable,24.00,28,"PAA,Featured Snippet,Blog Posts","no_specialists",consulting_niche,Consulting profession focus,manual_research
Industry Specific,real estate E&O insurance marketing,realtor liability marketing,Commercial,60,stable,20.00,38,"PAA,Local Pack,Reviews","rice.com,cres.com",real_estate_niche,Real estate professional focus,manual_research
Long-tail Opportunities,small law firm malpractice insurance,boutique law firm insurance,Commercial,20,stable,30.00,25,"Local Pack,Reviews","no_specialists",niche_targeting,Niche targeting opportunity,manual_research
Long-tail Opportunities,startup cyber insurance needs,tech startup cyber coverage,Commercial,30,growing,32.00,30,"PAA,Featured Snippet","coalition.com,at-bay.com",innovation_sector,Innovation sector targeting,manual_research
Long-tail Opportunities,medical practice marketing automation,healthcare practice automation,Commercial,45,growing,20.00,35,"PAA,Shopping,Tools","hubspot.com,salesforce.com",practice_automation,Practice-specific automation,manual_research
Long-tail Opportunities,solo practitioner malpractice insurance,solo lawyer insurance,Commercial,40,stable,28.00,30,"Local Pack,Reviews,PAA","insureon.com,next-insurance.com",solo_practice,Solo practice specialization,manual_research
Long-tail Opportunities,telemedicine malpractice insurance marketing,telehealth liability marketing,Commercial,25,growing,30.00,28,"PAA,Featured Snippet,Blog Posts","no_specialists",telemedicine_trend,Telemedicine marketing opportunity,manual_research
Competitive Analysis,insurance agent SEO vs PPC,insurance SEO or PPC,Informational,35,stable,8.00,40,"PAA,Featured Snippet,Comparison","wordstream.com,searchenginejournal.com",decision_making,Decision-making content,manual_research
Competitive Analysis,professional liability insurance comparison,E&O insurance comparison,Commercial,150,stable,15.00,50,"Comparison,Shopping,Reviews","insureon.com,next-insurance.com",comparison_shopping,Comparison shopping content,manual_research
Competitive Analysis,cyber insurance vs data breach insurance,cyber vs data breach coverage,Informational,40,stable,10.00,35,"PAA,Featured Snippet,Comparison","no_specialists",coverage_comparison,Coverage type comparison,manual_research
Voice Search,best professional liability insurance near me,professional liability insurance nearby,Commercial,150,stable,18.00,35,"Local Pack,Maps,Voice Search","local_agents",voice_optimization,Voice search optimization,manual_research
Voice Search,how to get cyber insurance,cyber insurance process,Informational,80,growing,6.00,30,"PAA,Featured Snippet,Voice Search","no_specialists",process_voice_query,Process-oriented voice query,manual_research
Voice Search,cyber insurance for small business near me,local cyber insurance,Commercial,60,growing,20.00,32,"Local Pack,Maps,Voice Search","local_agents",local_cyber_voice,Local cyber insurance voice search,manual_research
Seasonal Content,2025 professional liability trends,professional liability 2025,Informational,20,growing,4.00,20,"PAA,Featured Snippet,Blog Posts","no_specialists",trending_seasonal,Trending/seasonal content,manual_research
Seasonal Content,insurance marketing trends 2025,2025 insurance marketing,Informational,80,growing,5.00,35,"PAA,Featured Snippet,Blog Posts","mckinsey.com,pwc.com",annual_trends,Annual trends content,manual_research
Seasonal Content,cyber insurance trends 2025,2025 cyber insurance trends,Informational,30,growing,4.00,25,"PAA,Featured Snippet,Blog Posts","no_specialists",cyber_trends,Cyber insurance annual trends,manual_research