cluster,keyword,intent_fit,serp_weakness,brand_fit,opportunity_score,rationale
Professional Liability Marketing,professional liability insurance marketing,95,98,95,96,Perfect brand alignment with first-mover advantage in completely untapped market - no specialized content exists
Professional Liability Marketing,E&O insurance marketing,90,95,90,92,Supporting first-mover opportunity with high brand fit and minimal competition
Professional Liability Marketing,malpractice insurance marketing,85,88,85,86,Healthcare subset with strong growth potential and moderate competition
Professional Liability Marketing,professional indemnity marketing,88,92,85,88,International variant with minimal competition and good brand alignment
Professional Liability Marketing,professional liability lead generation,92,85,88,88,High commercial intent with growing demand and strong brand fit
Cyber Insurance Marketing,cyber insurance marketing,90,95,90,92,First mover in $16.3B growing market with perfect strategic alignment
Cyber Insurance Marketing,small business cyber insurance,88,85,82,85,Massive SMB opportunity (70% unprotected) with high commercial intent
Cyber Insurance Marketing,cyber insurance for healthcare,85,82,80,82,Healthcare compliance angle with regulatory drivers and HIPAA requirements
Cyber Insurance Marketing,cyber insurance leads,85,88,75,83,Lead generation focus with growing market demand and good brand fit
Cyber Insurance Marketing,cyber insurance marketing strategy,82,85,78,82,Strategy content opportunity with educational and commercial potential
Insurance Agent SEO,insurance agent SEO,85,65,85,78,Established market with proven demand but higher competition
Insurance Agent SEO,insurance website optimization,80,70,75,75,Technical SEO angle with moderate competition and good brand fit
Insurance Agent SEO,local SEO insurance agents,88,75,85,83,Strong local intent with geographic targeting opportunities
Insurance Agent SEO,insurance SEO tools,75,72,70,72,Tool comparison opportunity with commercial intent but competitive market
Insurance Agent SEO,insurance agent website design,78,68,72,73,Web development services with moderate competition and brand relevance
Legal Malpractice Marketing,legal malpractice insurance marketing,92,90,85,89,Rising nuclear verdicts create urgency with minimal specialized competition
Legal Malpractice Marketing,law firm professional liability,85,80,82,82,Law firm specific targeting with industry specialization opportunity
Legal Malpractice Marketing,legal professional liability leads,88,85,80,84,Lead generation for legal market with niche focus and good demand
Legal Malpractice Marketing,law firm cybersecurity insurance,82,85,78,82,Intersection of legal and cyber risks with emerging opportunity
Legal Malpractice Marketing,small law firm insurance,85,88,80,84,Niche targeting opportunity with boutique law firm specialization
Medical Malpractice Marketing,medical malpractice insurance marketing,85,82,80,82,Market hardening drives demand with premium increases creating urgency
Medical Malpractice Marketing,physician malpractice insurance,80,75,78,78,High-value physician market with established demand but competition
Medical Malpractice Marketing,healthcare professional liability,82,78,80,80,Broader healthcare market with good specialization opportunity
Medical Malpractice Marketing,telemedicine malpractice insurance,88,90,82,87,Emerging telemedicine trend with minimal competition and growing demand
Medical Malpractice Marketing,nurse practitioner malpractice insurance,85,85,78,83,NP market specialization with good niche targeting opportunity
Location - New York,New York professional liability SEO,88,75,85,83,Primary target market with established presence and geographic advantage
Location - New York,New York cyber insurance marketing,85,78,82,82,NYC business density opportunity with geographic specialization
Location - New York,Manhattan professional liability insurance,82,80,88,83,Manhattan business district focus with high-value target market
Location - Connecticut,Connecticut professional liability marketing,85,88,80,84,Expansion market opportunity with minimal specialized competition
Location - Connecticut,Hartford insurance marketing,78,82,75,78,Insurance capital advantage with geographic expansion potential
Location - New Jersey,New Jersey insurance agent SEO,82,78,80,80,High-value expansion market with tri-state area synergy
Educational Content,how to market professional liability,88,85,90,88,Educational SEO opportunity with perfect brand alignment and minimal competition
Educational Content,cyber insurance marketing strategy,85,82,85,84,Strategy content opportunity with educational and commercial blend
Educational Content,insurance marketing ROI calculator,82,85,78,82,Tool-based content with calculator functionality and practical value
Educational Content,professional liability insurance cost,75,65,70,70,High volume pricing content but competitive market with major players
Educational Content,insurance marketing best practices,78,70,75,74,Best practices content with moderate competition and good brand fit
FAQ Content,what is professional liability insurance,70,50,75,65,High volume educational content but competitive with major authority sites
FAQ Content,do I need cyber insurance,78,75,80,78,Common objection handling with good search volume and brand relevance
FAQ Content,how much does E&O insurance cost,72,55,70,66,Pricing transparency content with high volume but significant competition
FAQ Content,professional liability vs general liability,75,65,78,73,Comparison content with good educational value and moderate competition
FAQ Content,do lawyers need malpractice insurance,80,78,75,78,Legal profession requirements with niche focus and good search volume
Tool Comparison,best CRM for insurance agents,75,70,70,72,Tool recommendation content with commercial intent but competitive market
Tool Comparison,insurance marketing automation tools,78,75,75,76,Growing automation trend with good commercial intent and brand relevance
Tool Comparison,insurance SEO tools,72,68,68,69,SEO tool recommendations with commercial intent but established competition
Tool Comparison,insurance lead generation software,75,75,70,73,Lead generation tools with commercial intent and moderate competition
Industry Specific,technology E&O insurance marketing,88,85,82,85,High-growth tech sector with minimal specialized competition
Industry Specific,healthcare cyber insurance marketing,85,80,82,82,Healthcare compliance focus with regulatory drivers and specialization opportunity
Industry Specific,accounting professional liability marketing,82,82,78,81,Accounting profession focus with niche targeting and moderate competition
Industry Specific,consulting professional liability marketing,85,88,80,84,Consulting profession focus with minimal competition and good specialization
Industry Specific,real estate E&O insurance marketing,78,75,75,76,Real estate professional focus with moderate competition and niche opportunity
Long-tail Opportunities,small law firm malpractice insurance,90,88,85,88,Niche targeting opportunity with boutique law firm specialization and minimal competition
Long-tail Opportunities,startup cyber insurance needs,88,85,82,85,Innovation sector targeting with startup focus and emerging market
Long-tail Opportunities,medical practice marketing automation,82,80,78,80,Practice-specific automation with healthcare focus and technology intersection
Long-tail Opportunities,solo practitioner malpractice insurance,85,85,80,83,Solo practice specialization with niche focus and good targeting opportunity
Long-tail Opportunities,telemedicine malpractice insurance marketing,90,90,85,88,Telemedicine marketing opportunity with emerging trend and minimal competition
Competitive Analysis,insurance agent SEO vs PPC,78,75,75,76,Decision-making content with comparison value but moderate competition
Competitive Analysis,professional liability insurance comparison,70,68,72,70,Comparison shopping content with commercial intent but competitive market
Competitive Analysis,cyber insurance vs data breach insurance,75,82,75,77,Coverage comparison with educational value and moderate competition
Voice Search,best professional liability insurance near me,85,78,85,83,Voice search optimization with local intent and geographic targeting
Voice Search,how to get cyber insurance,82,80,78,80,Process-oriented voice query with informational to commercial intent progression
Voice Search,cyber insurance for small business near me,88,82,80,83,Local cyber insurance voice search with SMB targeting and geographic focus
Seasonal Content,2025 professional liability trends,88,85,85,86,Trending/seasonal content with industry analysis and thought leadership opportunity
Seasonal Content,insurance marketing trends 2025,82,75,80,79,Annual trends content with industry authority building and moderate competition
Seasonal Content,cyber insurance trends 2025,85,88,82,85,Cyber insurance annual trends with emerging market analysis and minimal competition