week,publish_date,content_type,working_title,primary_keyword,secondary_keywords,search_intent,target_persona,funnel_stage,internal_links_in,internal_links_out,cta,brief_path
1,2025-01-27,Landing,Complete Guide to Professional Liability Insurance Marketing,professional liability insurance marketing,"E&O insurance marketing, malpractice insurance marketing, professional indemnity marketing",Commercial,Insurance Agency Owner,MOFU,index.html,professional-liability-seo.html,Get Your Free Marketing Analysis,briefs/2025-01-27_professional-liability-marketing-guide.md
1,2025-01-29,Landing,Cyber Insurance Marketing for Small Businesses,cyber insurance marketing,"small business cyber insurance, cyber liability marketing, SMB cyber coverage",Commercial,Insurance Agent,MOFU,index.html,about.html,Request Cyber Insurance Demo,briefs/2025-01-29_cyber-insurance-marketing-smb.md
1,2025-01-31,Blog,Insurance Agent SEO: Complete 2025 Strategy Guide,insurance agent SEO,"insurance SEO services, insurance website optimization, local SEO insurance agents",Commercial,Insurance Producer,TOFU,professional-liability-seo.html,new-york-professional-liability-seo.html,Download SEO Checklist,briefs/2025-01-31_insurance-agent-seo-guide.md
2,2025-02-03,How-to,How to Generate Insurance Leads with Digital Marketing,insurance lead generation,"insurance leads online, insurance marketing automation, insurance PPC advertising",Commercial,Agency Manager,MOFU,index.html,contact.html,Get Lead Generation Audit,briefs/2025-02-03_digital-lead-generation-guide.md
2,2025-02-05,Landing,New York Professional Liability Insurance Marketing,New York professional liability SEO,"NY professional liability, NYC professional liability marketing, New York E&O insurance",Commercial,NY Insurance Agent,BOFU,professional-liability-seo.html,legal-malpractice-insurance-seo.html,Schedule NY Market Analysis,briefs/2025-02-05_ny-professional-liability-marketing.md
2,2025-02-07,Blog,Legal Malpractice Insurance Marketing: 2025 Strategies,legal malpractice insurance marketing,"lawyer malpractice marketing, law firm professional liability, attorney E&O insurance",Commercial,Legal Insurance Specialist,MOFU,professional-liability-seo.html,about.html,Download Legal Marketing Kit,briefs/2025-02-07_legal-malpractice-marketing.md
3,2025-02-10,Comparison,Best Insurance Marketing Automation Tools 2025,insurance marketing automation,"insurance automation tools, insurance automation platforms, best CRM for insurance agents",Commercial,Technology-Focused Agent,MOFU,contact.html,index.html,Compare Tools Demo,briefs/2025-02-10_insurance-automation-tools.md
3,2025-02-12,FAQ,What is Professional Liability Insurance Marketing?,professional liability definition,"what is professional liability insurance, E&O insurance definition, professional indemnity explanation",Informational,Business Owner,TOFU,index.html,professional-liability-seo.html,Learn More About Coverage,briefs/2025-02-12_professional-liability-definition.md
3,2025-02-14,Landing,Medical Malpractice Insurance Marketing Solutions,medical malpractice insurance marketing,"healthcare malpractice marketing, physician malpractice insurance, doctor liability insurance",Commercial,Healthcare Insurance Agent,MOFU,professional-liability-seo.html,contact.html,Get Healthcare Demo,briefs/2025-02-14_medical-malpractice-marketing.md
4,2025-02-17,How-to,Local SEO for Insurance Agents: Step-by-Step Guide,local SEO insurance agents,"insurance local search, Google My Business insurance, local insurance marketing",Informational,Independent Agent,TOFU,new-york-professional-liability-seo.html,about.html,Download Local SEO Kit,briefs/2025-02-17_local-seo-insurance-guide.md
4,2025-02-19,Blog,Cyber Insurance for Healthcare: HIPAA Compliance Marketing,healthcare cyber insurance marketing,"medical cyber insurance, HIPAA cyber insurance, healthcare data protection",Commercial,Healthcare Insurance Specialist,MOFU,professional-liability-seo.html,contact.html,Schedule Healthcare Consultation,briefs/2025-02-19_healthcare-cyber-insurance.md
4,2025-02-21,Landing,Connecticut Professional Liability Insurance Marketing,Connecticut professional liability marketing,"CT professional liability, Connecticut E&O insurance, CT insurance agent marketing",Commercial,CT Insurance Agent,BOFU,new-york-professional-liability-seo.html,contact.html,Get CT Market Analysis,briefs/2025-02-21_ct-professional-liability-marketing.md
5,2025-02-24,Comparison,Professional Liability Insurance vs General Liability,professional liability insurance comparison,"E&O insurance comparison, professional liability vs general liability, insurance coverage comparison",Informational,Business Owner,TOFU,professional-liability-seo.html,legal-malpractice-insurance-seo.html,Compare Coverage Options,briefs/2025-02-24_professional-vs-general-liability.md
5,2025-02-26,How-to,Technology E&O Insurance Marketing Strategies,technology E&O insurance marketing,"tech professional liability, software liability insurance, IT professional liability",Commercial,Tech Insurance Specialist,MOFU,professional-liability-seo.html,about.html,Get Tech Insurance Demo,briefs/2025-02-26_technology-eo-marketing.md
5,2025-02-28,Blog,Insurance Marketing ROI: How to Calculate and Improve,insurance marketing ROI,"insurance marketing ROI calculator, insurance marketing measurement, marketing ROI tracking",Informational,Agency Owner,MOFU,index.html,contact.html,Download ROI Calculator,briefs/2025-02-28_insurance-marketing-roi.md
6,2025-03-03,Landing,New Jersey Insurance Agent SEO Services,New Jersey insurance agent SEO,"NJ insurance SEO, New Jersey insurance marketing, NJ insurance agent marketing",Commercial,NJ Insurance Agent,BOFU,new-york-professional-liability-seo.html,contact.html,Get NJ SEO Analysis,briefs/2025-03-03_nj-insurance-seo-services.md
6,2025-03-05,FAQ,Do I Need Cyber Insurance for My Small Business?,cyber insurance necessity,"do I need cyber insurance, cyber insurance for small business, cyber insurance requirements",Informational,Small Business Owner,TOFU,index.html,professional-liability-seo.html,Assess Your Cyber Risk,briefs/2025-03-05_cyber-insurance-necessity-faq.md
6,2025-03-07,How-to,Email Marketing Automation for Insurance Agencies,insurance email marketing,"insurance email automation, insurance nurture campaigns, email marketing for insurance",Commercial,Marketing-Focused Agent,MOFU,contact.html,about.html,Get Email Marketing Demo,briefs/2025-03-07_insurance-email-automation.md
7,2025-03-10,Blog,2025 Professional Liability Insurance Trends,2025 professional liability trends,"professional liability 2025, E&O insurance trends, malpractice insurance trends 2025",Informational,Industry Professional,TOFU,professional-liability-seo.html,legal-malpractice-insurance-seo.html,Download Trends Report,briefs/2025-03-10_professional-liability-trends-2025.md
7,2025-03-12,Comparison,Insurance SEO vs PPC: Which Strategy Works Better?,insurance agent SEO vs PPC,"insurance SEO or PPC, insurance marketing strategy comparison, digital marketing for insurance",Informational,Agency Decision Maker,MOFU,index.html,contact.html,Get Strategy Consultation,briefs/2025-03-12_insurance-seo-vs-ppc.md
7,2025-03-14,Landing,Small Law Firm Malpractice Insurance Marketing,small law firm malpractice insurance,"boutique law firm insurance, solo practitioner malpractice, small law firm E&O",Commercial,Solo Practitioner Specialist,MOFU,legal-malpractice-insurance-seo.html,contact.html,Get Legal Practice Demo,briefs/2025-03-14_small-law-firm-malpractice.md
8,2025-03-17,How-to,Voice Search Optimization for Insurance Agents,best professional liability insurance near me,"professional liability insurance nearby, voice search insurance, local insurance voice search",Commercial,Tech-Savvy Agent,MOFU,new-york-professional-liability-seo.html,about.html,Optimize for Voice Search,briefs/2025-03-17_voice-search-insurance.md
8,2025-03-19,Blog,Startup Cyber Insurance: Essential Coverage Guide,startup cyber insurance needs,"tech startup cyber coverage, startup data protection, early stage cyber insurance",Commercial,Startup Insurance Specialist,MOFU,professional-liability-seo.html,contact.html,Get Startup Insurance Quote,briefs/2025-03-19_startup-cyber-insurance.md
8,2025-03-21,FAQ,How Much Does E&O Insurance Cost?,E&O insurance cost,"E&O insurance price, professional liability insurance cost, errors omissions pricing",Informational,Cost-Conscious Buyer,TOFU,professional-liability-seo.html,legal-malpractice-insurance-seo.html,Get Pricing Estimate,briefs/2025-03-21_eo-insurance-cost-faq.md
9,2025-03-24,Landing,Healthcare Practice Marketing Automation,medical practice marketing automation,"healthcare practice automation, medical practice digital marketing, physician marketing automation",Commercial,Healthcare Practice Manager,MOFU,contact.html,about.html,Get Healthcare Automation Demo,briefs/2025-03-24_healthcare-practice-automation.md
9,2025-03-26,How-to,Insurance Social Media Marketing: Complete Strategy,insurance social media marketing,"insurance social media, social media for insurance agents, insurance LinkedIn marketing",Informational,Social Media Focused Agent,TOFU,index.html,contact.html,Download Social Media Kit,briefs/2025-03-26_insurance-social-media-strategy.md
9,2025-03-28,Blog,Professional Liability Claims: Prevention and Marketing,professional liability claims prevention,"E&O claims prevention, malpractice claims reduction, professional liability risk management",Informational,Risk Management Specialist,MOFU,professional-liability-seo.html,legal-malpractice-insurance-seo.html,Download Risk Management Guide,briefs/2025-03-28_professional-liability-claims-prevention.md
10,2025-03-31,Comparison,Top Insurance CRM Platforms 2025,best CRM for insurance agents,"insurance agent CRM, insurance CRM comparison, CRM for insurance agencies",Commercial,Operations Manager,MOFU,contact.html,index.html,Compare CRM Options,briefs/2025-03-31_insurance-crm-comparison.md
10,2025-04-02,Landing,How to Get Cyber Insurance: Process Guide,how to get cyber insurance,"cyber insurance process, cyber insurance application, cyber insurance requirements",Informational,IT Decision Maker,TOFU,index.html,professional-liability-seo.html,Start Cyber Application,briefs/2025-04-02_cyber-insurance-process-guide.md
10,2025-04-04,Blog,Insurance Marketing Trends 2025: What's Next,insurance marketing trends 2025,"2025 insurance marketing, future of insurance marketing, insurance technology trends",Informational,Forward-Thinking Agent,TOFU,about.html,contact.html,Get Trends Consultation,briefs/2025-04-04_insurance-marketing-trends-2025.md
11,2025-04-07,How-to,Professional Liability Insurance for Consultants,consultant professional liability,"consulting professional liability, advisor E&O insurance, consultant malpractice insurance",Commercial,Consultant Insurance Specialist,MOFU,professional-liability-seo.html,contact.html,Get Consultant Coverage Quote,briefs/2025-04-07_consultant-professional-liability.md
11,2025-04-09,FAQ,What SERP Features Should Insurance Agents Target?,insurance SEO SERP features,"insurance featured snippets, insurance local pack, insurance PAA optimization",Informational,SEO-Focused Agent,TOFU,new-york-professional-liability-seo.html,about.html,Get SEO Audit,briefs/2025-04-09_insurance-serp-features-faq.md
11,2025-04-11,Landing,AI-Powered Insurance Marketing Solutions,AI insurance marketing,"insurance AI tools, automated insurance marketing, insurance marketing AI",Commercial,Innovation-Focused Agency,MOFU,index.html,contact.html,Get AI Marketing Demo,briefs/2025-04-11_ai-powered-insurance-marketing.md
12,2025-04-14,Blog,Nuclear Verdicts Impact on Professional Liability Marketing,nuclear verdicts professional liability,"nuclear verdicts impact, large jury awards, professional liability market trends",Informational,Industry Analyst,TOFU,professional-liability-seo.html,legal-malpractice-insurance-seo.html,Download Nuclear Verdicts Report,briefs/2025-04-14_nuclear-verdicts-impact.md
12,2025-04-16,How-to,Insurance Website Conversion Optimization Guide,insurance website optimization,"insurance website conversion, insurance landing page optimization, insurance UX improvement",Commercial,Website Manager,MOFU,contact.html,index.html,Get Website Audit,briefs/2025-04-16_insurance-website-conversion.md
12,2025-04-18,Comparison,Professional Liability Insurance Carriers Comparison,professional liability insurance companies,"E&O insurance carriers, professional liability providers, malpractice insurance companies",Commercial,Coverage Shopper,BOFU,professional-liability-seo.html,contact.html,Compare Carriers,briefs/2025-04-18_professional-liability-carriers-comparison.md