topic_cluster,keyword,variant,search_intent,est_volume,difficulty_score,opportunity_score,serp_features,primary_entity,notes
Professional Liability Marketing,professional liability insurance marketing,professional liability marketing,Commercial,No Data,15,95,PAA:Featured Snippet:Blog Posts,ProfessionalLiabilityInsurance,First mover advantage - completely untapped $44.96B market
Professional Liability Marketing,E&O insurance marketing,errors omissions marketing,Commercial,No Data,20,90,PAA:Local Pack:Comparison,ErrorsOmissionsInsurance,Supporting first mover opportunity
Professional Liability Marketing,malpractice insurance marketing,medical malpractice marketing,Commercial,50-100,25,85,PAA:Reviews:Featured Snippet,MalpracticeInsurance,Healthcare subset with growth potential
Professional Liability Marketing,professional indemnity marketing,PI insurance marketing,Commercial,No Data,18,88,PAA:Blog Posts,ProfessionalIndemnityInsurance,International variant opportunity
Cyber Insurance Marketing,cyber insurance marketing,cyber liability marketing,Commercial,No Data,20,92,PAA:Featured Snippet:Local Pack,CyberInsurance,First mover in $16.3B growing market
Cyber Insurance Marketing,small business cyber insurance,SMB cyber coverage,Commercial,100-200,30,85,Local Pack:Reviews:Shopping,CyberInsurance,70% SMBs unprotected - huge opportunity
Cyber Insurance Marketing,cyber insurance for healthcare,HIPAA cyber insurance,Commercial,50-100,35,80,PAA:Featured Snippet:Reviews,CyberInsurance,Healthcare compliance angle
Cyber Insurance Marketing,cyber insurance leads,cyber insurance prospects,Commercial,20-50,25,82,PAA:Blog Posts:Tools,CyberInsurance,Lead generation focus
Insurance Agent SEO,insurance agent SEO,insurance SEO services,Commercial,590,45,75,PAA:Featured Snippet:Local Pack:Tools,InsuranceAgent,Established volume with manageable competition
Insurance Agent SEO,insurance website optimization,insurance site SEO,Commercial,140,50,70,PAA:Featured Snippet:Blog Posts,InsuranceAgent,Technical SEO angle
Insurance Agent SEO,local SEO insurance agents,insurance local search,Commercial,200-300,40,78,Local Pack:Reviews:Maps,InsuranceAgent,Strong local intent
Insurance Agent SEO,insurance SEO tools,SEO tools for insurance,Commercial,80-120,35,72,Shopping:Comparison:Reviews,SEOTools,Tool comparison opportunity
Insurance Lead Generation,insurance lead generation,insurance leads online,Commercial,880,60,68,PAA:Featured Snippet:Shopping:Tools,InsuranceLeadGeneration,High volume but competitive
Insurance Lead Generation,insurance marketing automation,insurance automation tools,Commercial,40-80,45,75,PAA:Shopping:Comparison,MarketingAutomation,Growing trend - 82% want AI
Insurance Lead Generation,insurance PPC advertising,insurance paid ads,Commercial,160-240,55,65,PAA:Featured Snippet:Shopping,PPCAdvertising,Paid advertising guidance
Insurance Lead Generation,insurance social media marketing,insurance social media,Commercial,90,35,70,PAA:Blog Posts:Social,SocialMediaMarketing,Social engagement opportunity
Legal Malpractice Marketing,legal malpractice insurance marketing,lawyer malpractice marketing,Commercial,20-50,25,88,PAA:Featured Snippet,LegalMalpracticeInsurance,Rising premiums create urgency
Legal Malpractice Marketing,law firm professional liability,attorney E&O insurance,Commercial,100-150,40,80,PAA:Local Pack:Reviews,LegalMalpracticeInsurance,Law firm specific targeting
Legal Malpractice Marketing,legal professional liability leads,attorney insurance leads,Commercial,10-30,30,85,PAA:Local Pack,LegalMalpracticeInsurance,Lead generation for legal market
Medical Malpractice Marketing,medical malpractice insurance marketing,healthcare malpractice marketing,Commercial,80-120,35,82,PAA:Featured Snippet:Reviews,MedicalMalpracticeInsurance,Market hardening drives demand
Medical Malpractice Marketing,physician malpractice insurance,doctor liability insurance,Commercial,200-300,45,75,PAA:Local Pack:Shopping,MedicalMalpracticeInsurance,High-value physician market
Medical Malpractice Marketing,healthcare professional liability,medical professional insurance,Commercial,150-250,40,78,PAA:Featured Snippet:Local Pack,MedicalMalpracticeInsurance,Broader healthcare market
Location - New York,New York professional liability SEO,NY professional liability,Commercial,50-100,45,75,Local Pack:Maps:Reviews,ProfessionalLiabilityInsurance,Primary target market
Location - New York,New York cyber insurance marketing,NYC cyber insurance,Commercial,30-60,40,78,Local Pack:Reviews:Featured Snippet,CyberInsurance,NYC business density opportunity
Location - Connecticut,Connecticut professional liability marketing,CT professional liability,Commercial,20-50,35,80,Local Pack:Reviews,ProfessionalLiabilityInsurance,Expansion market opportunity
Location - New Jersey,New Jersey insurance agent SEO,NJ insurance SEO,Commercial,40-80,42,76,Local Pack:Maps:Reviews,InsuranceAgent,High-value expansion market
Educational Content,how to market professional liability,professional liability marketing guide,Informational,10-30,20,85,PAA:Featured Snippet:Blog Posts,ProfessionalLiabilityInsurance,Educational SEO opportunity
Educational Content,cyber insurance marketing strategy,cyber insurance marketing plan,Informational,20-40,25,82,PAA:Featured Snippet:Blog Posts,CyberInsurance,Strategy content opportunity
Educational Content,insurance marketing ROI calculator,insurance marketing ROI,Informational,30-60,30,80,Featured Snippet:Tools:Calculator,InsuranceMarketing,Tool-based content
Educational Content,professional liability insurance cost,E&O insurance pricing,Informational,500-1000,55,65,PAA:Featured Snippet:Comparison,ProfessionalLiabilityInsurance,High volume pricing content
FAQ Content,what is professional liability insurance,professional liability definition,Informational,1000-2000,50,70,PAA:Featured Snippet:FAQ,ProfessionalLiabilityInsurance,High volume educational
FAQ Content,do I need cyber insurance,cyber insurance necessity,Informational,200-400,35,75,PAA:Featured Snippet:FAQ,CyberInsurance,Common objection handling
FAQ Content,how much does E&O insurance cost,E&O insurance price,Informational,300-500,45,72,PAA:Featured Snippet:Comparison,ErrorsOmissionsInsurance,Pricing transparency content
Tool Comparison,best CRM for insurance agents,insurance agent CRM,Commercial,150-250,50,70,Shopping:Comparison:Reviews,CRM,Tool recommendation content
Tool Comparison,insurance marketing automation tools,insurance automation platforms,Commercial,40-80,45,75,Shopping:Comparison:PAA,MarketingAutomation,Growing automation trend
Industry Specific,technology E&O insurance marketing,tech professional liability,Commercial,20-50,30,85,PAA:Featured Snippet:Blog Posts,TechnologyInsurance,High-growth tech sector
Industry Specific,healthcare cyber insurance marketing,medical cyber insurance,Commercial,50-100,40,80,PAA:Featured Snippet:Local Pack,CyberInsurance,Healthcare compliance focus
Long-tail Opportunities,small law firm malpractice insurance,boutique law firm insurance,Commercial,10-30,25,88,Local Pack:Reviews,LegalMalpracticeInsurance,Niche targeting opportunity
Long-tail Opportunities,startup cyber insurance needs,tech startup cyber coverage,Commercial,20-40,30,85,PAA:Featured Snippet,CyberInsurance,Innovation sector targeting
Long-tail Opportunities,medical practice marketing automation,healthcare practice automation,Commercial,30-60,35,80,PAA:Shopping:Tools,MarketingAutomation,Practice-specific automation
Competitive Analysis,insurance agent SEO vs PPC,insurance SEO or PPC,Informational,20-50,40,75,PAA:Featured Snippet:Comparison,InsuranceMarketing,Decision-making content
Competitive Analysis,professional liability insurance comparison,E&O insurance comparison,Commercial,100-200,50,68,Comparison:Shopping:Reviews,ProfessionalLiabilityInsurance,Comparison shopping content
Voice Search,best professional liability insurance near me,professional liability insurance nearby,Commercial,100-200,35,78,Local Pack:Maps:Voice Search,ProfessionalLiabilityInsurance,Voice search optimization
Voice Search,how to get cyber insurance,cyber insurance process,Informational,50-100,30,80,PAA:Featured Snippet:Voice Search,CyberInsurance,Process-oriented voice query
Seasonal Content,2025 professional liability trends,professional liability 2025,Informational,10-30,20,85,PAA:Featured Snippet:Blog Posts,ProfessionalLiabilityInsurance,Trending/seasonal content
Seasonal Content,insurance marketing trends 2025,2025 insurance marketing,Informational,50-100,35,75,PAA:Featured Snippet:Blog Posts,InsuranceMarketing,Annual trends content